seq_name	length	topology	n_genes	genetic_code	plasmid_score	fdr	n_hallmarks	marker_enrichment	conjugation_genes	amr_genes
k127_8464	1772	No terminal repeats	2	11	0.9945	NA	0	3.4366	NA	NA
k127_8702	842	No terminal repeats	1	11	0.9928	NA	0	1.7183	NA	NA
k127_5166	279	No terminal repeats	1	11	0.9924	NA	0	1.7183	NA	NA
k127_7625	460	No terminal repeats	1	11	0.9918	NA	0	1.7183	NA	NA
k127_4085	684	No terminal repeats	1	11	0.9918	NA	0	1.7183	NA	NA
k127_1545	257	No terminal repeats	1	11	0.9915	NA	0	1.7183	NA	NA
k127_2905	240	No terminal repeats	1	11	0.9907	NA	0	1.7183	NA	NA
k127_7353	384	No terminal repeats	1	11	0.9906	NA	0	1.7183	NA	NA
k127_8510	17835	No terminal repeats	20	11	0.9902	NA	1	11.1217	NA	NA
k127_3844	469	No terminal repeats	1	11	0.9902	NA	0	1.7183	NA	NA
k127_6757	433	No terminal repeats	1	11	0.9900	NA	1	1.7183	B_traI	NA
k127_2706	655	No terminal repeats	1	11	0.9899	NA	0	1.7183	NA	NA
k127_3382	291	No terminal repeats	1	11	0.9897	NA	0	1.7183	NA	NA
k127_1311	303	No terminal repeats	1	11	0.9888	NA	0	1.7183	NA	NA
k127_6617	404	No terminal repeats	1	11	0.9883	NA	0	1.7183	NA	NA
k127_6336	235	No terminal repeats	1	11	0.9875	NA	0	1.7183	NA	NA
k127_7474	229	No terminal repeats	1	11	0.9865	NA	0	1.7183	NA	NA
k127_721	1020	No terminal repeats	2	11	0.9863	NA	0	1.7183	NA	NA
k127_7477	322	No terminal repeats	1	11	0.9863	NA	0	1.7183	NA	NA
k127_1603	395	No terminal repeats	1	11	0.9856	NA	0	1.7183	NA	NA
k127_3559	1704	No terminal repeats	3	11	0.9854	NA	0	1.7183	NA	NA
k127_8526	250	No terminal repeats	1	11	0.9849	NA	0	1.7183	NA	NA
k127_6771	346	No terminal repeats	1	11	0.9842	NA	0	1.7183	NA	NA
k127_7538	2346	DTR	4	11	0.9828	NA	0	0.6748	NA	NA
k127_4439	913	No terminal repeats	2	11	0.9826	NA	0	3.4366	NA	NA
k127_2083	1278	No terminal repeats	2	11	0.9819	NA	0	1.7183	NA	NA
k127_2133	231	No terminal repeats	1	11	0.9818	NA	0	1.6987	NA	NA
k127_5249	1501	No terminal repeats	2	11	0.9818	NA	1	3.1624	NA	NA
k127_2000	407	No terminal repeats	1	11	0.9814	NA	0	1.7183	NA	NA
k127_7343	846	No terminal repeats	2	11	0.9812	NA	0	1.7183	NA	NA
k127_1757	847	No terminal repeats	1	11	0.9799	NA	0	1.7183	NA	NA
k127_6071	3924	No terminal repeats	5	11	0.9799	NA	0	3.4153	NA	NA
k127_569	279	No terminal repeats	1	11	0.9793	NA	0	0.9446	NA	NA
k127_6180	832	No terminal repeats	2	11	0.9789	NA	0	1.7183	NA	NA
k127_6089	322	No terminal repeats	1	11	0.9788	NA	0	1.7023	NA	NA
k127_2129	333	No terminal repeats	1	11	0.9779	NA	0	1.6931	NA	NA
k127_3279	322	No terminal repeats	1	11	0.9777	NA	0	1.5504	NA	NA
k127_7420	1002	No terminal repeats	2	11	0.9768	NA	0	1.7183	NA	NA
k127_3673	889	No terminal repeats	2	11	0.9764	NA	0	2.9328	NA	NA
k127_6257	570	No terminal repeats	1	11	0.9763	NA	1	1.6903	NA	NA
k127_8164	626	No terminal repeats	2	11	0.9761	NA	0	1.7269	NA	NA
k127_6851	805	No terminal repeats	2	11	0.9753	NA	0	1.7183	NA	NA
k127_3942	1121	No terminal repeats	3	11	0.9728	NA	0	1.7183	NA	NA
k127_2513	1630	No terminal repeats	2	11	0.9706	NA	0	1.3135	NA	NA
k127_2404	1685	No terminal repeats	4	11	0.9705	NA	0	1.7183	NA	NA
k127_1288	457	No terminal repeats	2	11	0.9702	NA	0	1.7183	NA	NA
k127_7574	865	No terminal repeats	2	11	0.9683	NA	0	1.7183	NA	NA
k127_1611	809	No terminal repeats	2	11	0.9680	NA	0	1.7183	NA	NA
k127_6308	3683	No terminal repeats	7	11	0.9679	NA	0	3.6615	NA	NA
k127_3361	1358	No terminal repeats	1	11	0.9663	NA	0	0.8817	NA	NA
k127_5665	972	No terminal repeats	3	11	0.9649	NA	0	1.7183	NA	NA
k127_7255	646	No terminal repeats	2	11	0.9647	NA	0	1.7183	NA	NA
k127_3337	664	No terminal repeats	2	11	0.9644	NA	2	2.6290	T_virB9;T_virB8	NA
k127_4829	1944	No terminal repeats	5	11	0.9637	NA	0	1.3323	NA	NA
k127_5799	1691	No terminal repeats	6	11	0.9636	NA	0	1.0192	NA	NA
k127_5478	294	No terminal repeats	1	11	0.9636	NA	0	1.6931	NA	NA
k127_5296	867	No terminal repeats	2	11	0.9635	NA	0	1.7183	NA	NA
k127_1124	881	No terminal repeats	2	11	0.9622	NA	0	1.7183	NA	NA
k127_6224	425	No terminal repeats	1	11	0.9619	NA	0	1.6038	G_tfc7	NA
k127_4510	407	No terminal repeats	1	11	0.9612	NA	0	1.5625	NA	NA
k127_1425	287	No terminal repeats	1	11	0.9604	NA	0	1.6931	NA	NA
k127_7256	637	No terminal repeats	2	11	0.9602	NA	0	1.7183	NA	NA
k127_7398	1068	No terminal repeats	2	11	0.9600	NA	1	1.7183	B_traI	NA
k127_388	1557	No terminal repeats	3	11	0.9599	NA	1	1.0515	NA	NA
k127_5218	453	No terminal repeats	1	11	0.9579	NA	1	1.3109	MOBH	NA
k127_1442	320	No terminal repeats	1	11	0.9577	NA	0	1.6931	NA	NA
k127_7212	502	No terminal repeats	2	11	0.9569	NA	0	1.7183	NA	NA
k127_306	456	No terminal repeats	1	11	0.9568	NA	0	1.5625	NA	NA
k127_5593	1464	No terminal repeats	3	11	0.9566	NA	0	0.8886	NA	NA
k127_5952	314	No terminal repeats	1	11	0.9558	NA	0	0.6748	NA	NA
k127_2336	633	No terminal repeats	1	11	0.9545	NA	0	1.7183	NA	NA
k127_8914	548	No terminal repeats	1	11	0.9535	NA	1	1.6000	NA	NA
k127_8483	791	No terminal repeats	1	11	0.9533	NA	0	1.3484	NA	NA
k127_1289	1555	No terminal repeats	3	11	0.9513	NA	0	0.3698	NA	NA
k127_71	311	No terminal repeats	1	11	0.9503	NA	0	1.3498	NA	NA
k127_6981	1148	No terminal repeats	3	11	0.9498	NA	0	0.4882	NA	NA
k127_7560	331	No terminal repeats	1	11	0.9492	NA	1	1.0515	NA	NA
k127_4217	566	No terminal repeats	2	11	0.9487	NA	0	1.7183	NA	NA
k127_2417	985	No terminal repeats	1	11	0.9471	NA	0	0.2304	NA	NA
k127_1151	562	No terminal repeats	1	11	0.9457	NA	0	1.2565	NA	NA
k127_7824	2319	No terminal repeats	5	11	0.9453	NA	0	1.7183	NA	NA
k127_369	404	No terminal repeats	1	11	0.9441	NA	0	1.6931	NA	NA
k127_4897	496	No terminal repeats	1	11	0.9435	NA	0	1.6113	NA	NA
k127_6403	742	No terminal repeats	2	11	0.9419	NA	0	1.3250	NA	NA
k127_5670	830	No terminal repeats	2	11	0.9401	NA	0	1.7183	NA	NA
k127_6214	1114	No terminal repeats	3	11	0.9389	NA	0	1.4204	NA	NA
k127_2708	534	No terminal repeats	1	11	0.9382	NA	0	1.3918	NA	NA
k127_1125	1333	No terminal repeats	2	11	0.9337	NA	0	1.4719	NA	NA
k127_7085	861	No terminal repeats	1	11	0.9324	NA	0	1.0301	NA	NA
k127_8953	313	DTR	1	11	0.9313	NA	0	1.6931	NA	NA
k127_2113	977	No terminal repeats	4	11	0.9299	NA	0	1.7183	NA	NA
k127_4622	616	No terminal repeats	1	11	0.9286	NA	0	1.0301	NA	NA
k127_3485	704	No terminal repeats	2	11	0.9231	NA	0	1.1477	NA	NA
k127_4327	240	No terminal repeats	1	11	0.9211	NA	0	1.6038	G_tfc7	NA
k127_8066	2323	No terminal repeats	4	11	0.9197	NA	0	0.6847	NA	NA
k127_3790	634	No terminal repeats	1	11	0.9181	NA	0	1.6113	NA	NA
k127_3011	310	No terminal repeats	1	11	0.9137	NA	0	1.4460	I_traW	NA
k127_8291	436	No terminal repeats	1	11	0.9120	NA	0	0.9870	NA	NA
k127_5367	1117	No terminal repeats	2	11	0.9100	NA	0	0.7904	NA	NA
k127_357	674	No terminal repeats	2	11	0.9085	NA	0	1.5803	NA	NA
k127_3739	936	No terminal repeats	2	11	0.9056	NA	0	0.9920	NA	NA
k127_8030	567	No terminal repeats	1	11	0.9026	NA	1	1.1720	NA	NA
k127_6324	340	No terminal repeats	2	11	0.9022	NA	0	1.7183	NA	NA
k127_1752	393	No terminal repeats	2	11	0.9003	NA	0	1.6030	NA	NA
k127_8831	1801	No terminal repeats	3	11	0.8988	NA	0	0.8116	NA	NA
k127_565	490	No terminal repeats	1	11	0.8966	NA	1	1.0515	NA	NA
k127_2291	1318	No terminal repeats	4	11	0.8959	NA	0	0.3986	NA	NA
k127_5664	972	No terminal repeats	1	11	0.8947	NA	0	1.0354	NA	NA
k127_2004	378	No terminal repeats	1	11	0.8917	NA	0	1.5166	NA	NA
k127_6973	987	No terminal repeats	4	11	0.8895	NA	0	0.2939	NA	NA
k127_4894	248	No terminal repeats	1	11	0.8801	NA	0	0.1776	NA	NA
k127_7875	1066	No terminal repeats	2	11	0.8762	NA	0	1.3777	NA	NA
k127_8150	822	No terminal repeats	2	11	0.8695	NA	0	1.1707	NA	NA
k127_2050	1149	No terminal repeats	2	11	0.8682	NA	0	1.6695	NA	NA
k127_4086	545	No terminal repeats	1	11	0.8674	NA	0	1.7164	NA	NA
k127_3624	969	No terminal repeats	2	11	0.8669	NA	0	1.5504	NA	NA
k127_5953	492	No terminal repeats	1	11	0.8634	NA	0	1.7054	NA	NA
k127_5746	623	No terminal repeats	1	11	0.8541	NA	0	1.5788	NA	NA
k127_8893	1423	No terminal repeats	3	11	0.8532	NA	0	0.7402	NA	NA
k127_187	526	No terminal repeats	2	11	0.8525	NA	0	1.4637	NA	NA
k127_138	505	No terminal repeats	1	11	0.8519	NA	0	0.4378	NA	NA
k127_7562	429	No terminal repeats	1	11	0.8478	NA	0	1.0422	NA	NA
k127_1825	253	No terminal repeats	1	11	0.8474	NA	1	1.2341	F_traE	NA
k127_2276	281	No terminal repeats	1	11	0.8369	NA	0	1.2143	NA	NA
k127_8239	1647	No terminal repeats	3	11	0.8362	NA	0	0.6981	NA	NA
k127_1267	641	No terminal repeats	2	11	0.8358	NA	0	1.3472	NA	NA
k127_3289	1047	No terminal repeats	2	11	0.8303	NA	0	1.0206	NA	NA
k127_8060	233	No terminal repeats	1	11	0.8288	NA	0	1.1681	NA	NA
k127_8091	418	No terminal repeats	2	11	0.8275	NA	0	1.4538	NA	NA
k127_5080	719	No terminal repeats	3	11	0.8250	NA	0	0.9847	NA	NA
k127_2993	254	No terminal repeats	1	11	0.8202	NA	1	1.3035	I_traQ	NA
k127_5261	923	No terminal repeats	2	11	0.8169	NA	0	1.2460	NA	NA
k127_3518	1223	No terminal repeats	2	11	0.8166	NA	0	1.2432	NA	NA
k127_1531	1021	No terminal repeats	2	11	0.8114	NA	0	1.4636	NA	NA
k127_4746	1118	No terminal repeats	2	11	0.8103	NA	0	1.1682	NA	NA
k127_1081	598	No terminal repeats	1	11	0.8048	NA	0	1.2066	NA	NA
k127_7510	671	No terminal repeats	1	11	0.7997	NA	0	0.5431	NA	NA
k127_5089	948	No terminal repeats	2	11	0.7968	NA	0	1.1904	NA	NA
k127_4154	253	No terminal repeats	1	11	0.7968	NA	0	1.0354	NA	NA
k127_8747	1390	No terminal repeats	1	11	0.7933	NA	1	1.0670	t4cp1	NA
k127_8910	247	No terminal repeats	1	11	0.7806	NA	0	1.2780	NA	NA
k127_5532	1388	No terminal repeats	3	11	0.7805	NA	0	0.0000	NA	NA
k127_8272	299	No terminal repeats	1	11	0.7784	NA	0	0.0000	NA	NA
k127_3096	266	No terminal repeats	1	11	0.7720	NA	0	1.2322	NA	NA
k127_3217	441	No terminal repeats	1	11	0.7710	NA	0	0.9664	NA	NA
k127_38	489	No terminal repeats	1	11	0.7624	NA	0	1.0491	NA	NA
k127_839	518	No terminal repeats	2	11	0.7606	NA	1	1.3310	NA	NA
k127_4250	1548	No terminal repeats	2	11	0.7564	NA	0	0.0000	NA	NA
k127_5480	267	No terminal repeats	1	11	0.7503	NA	0	1.0011	T_virB10	NA
k127_6015	408	No terminal repeats	1	11	0.7486	NA	0	1.6165	NA	NA
k127_2927	1215	No terminal repeats	1	11	0.7419	NA	0	0.0000	NA	NA
k127_1820	596	No terminal repeats	1	11	0.7363	NA	0	0.6626	NA	NA
k127_7064	349	No terminal repeats	1	11	0.7325	NA	1	0.9935	T_virB9	NA
k127_6310	639	No terminal repeats	1	11	0.7289	NA	0	0.3137	NA	NA
k127_5279	1672	No terminal repeats	1	11	0.7280	NA	0	0.0000	NA	NA
k127_2013	230	No terminal repeats	1	11	0.7267	NA	0	0.9684	NA	NA
k127_6104	504	No terminal repeats	1	11	0.7244	NA	0	1.2972	NA	NA
k127_7973	450	No terminal repeats	2	11	0.7215	NA	0	0.8176	NA	NA
k127_3020	1276	No terminal repeats	2	11	0.7123	NA	0	0.9789	NA	NA
k127_894	1536	No terminal repeats	2	11	0.7023	NA	0	0.2342	NA	NA
k127_1867	859	No terminal repeats	3	11	0.7018	NA	0	0.1937	NA	NA
k127_2240	1697	No terminal repeats	4	11	0.7014	NA	0	0.2037	NA	NA
k127_1658	2421	No terminal repeats	4	11	0.6984	NA	0	0.6744	NA	NA
k127_3651	414	No terminal repeats	1	11	0.6975	NA	0	0.3190	NA	NA
k127_2684	416	No terminal repeats	1	11	0.6971	NA	0	1.2782	NA	NA
k127_1286	2786	No terminal repeats	4	11	0.6929	NA	0	0.0000	NA	NA
k127_5508	1788	No terminal repeats	2	11	0.6900	NA	0	0.0000	NA	NA
k127_5219	528	No terminal repeats	1	11	0.6876	NA	0	0.9184	NA	NA
k127_1996	1080	No terminal repeats	3	11	0.6873	NA	0	0.0000	NA	NA
k127_4060	1837	No terminal repeats	3	11	0.6852	NA	0	1.6894	NA	NA
k127_5708	1245	No terminal repeats	3	11	0.6807	NA	0	0.2064	NA	NA
k127_1412	871	No terminal repeats	2	11	0.6794	NA	0	1.3575	NA	NA
k127_365	557	No terminal repeats	1	11	0.6793	NA	0	0.8117	NA	NA
k127_4226	782	No terminal repeats	2	11	0.6786	NA	0	0.7719	NA	NA
k127_2281	1112	No terminal repeats	3	11	0.6723	NA	0	0.0000	NA	NA
k127_7515	491	No terminal repeats	1	11	0.6691	NA	0	0.6308	NA	NA
k127_619	1245	No terminal repeats	2	11	0.6680	NA	0	0.0000	NA	NA
k127_2014	1028	No terminal repeats	2	11	0.6680	NA	0	0.0000	NA	NA
k127_1894	1187	No terminal repeats	3	11	0.6603	NA	0	0.0000	NA	NA
k127_8232	852	No terminal repeats	2	11	0.6572	NA	0	1.3109	NA	NA
k127_5306	1069	No terminal repeats	3	11	0.6569	NA	0	1.0812	NA	NA
k127_7040	285	No terminal repeats	1	11	0.6547	NA	0	0.9053	NA	NA
k127_5669	1283	No terminal repeats	3	11	0.6534	NA	0	0.0000	NA	NA
k127_6980	664	No terminal repeats	2	11	0.6475	NA	0	0.6063	NA	NA
k127_7654	254	No terminal repeats	1	11	0.6463	NA	0	1.0896	NA	NA
k127_1036	1309	No terminal repeats	2	11	0.6425	NA	0	0.7440	NA	NA
k127_118	696	No terminal repeats	2	11	0.6401	NA	0	0.4704	NA	NA
k127_3074	1002	No terminal repeats	1	11	0.6399	NA	0	0.0000	NA	NA
k127_5967	443	No terminal repeats	2	11	0.6397	NA	0	0.8735	NA	NA
k127_2055	1192	No terminal repeats	2	11	0.6391	NA	0	0.0000	NA	NA
k127_6801	1118	No terminal repeats	2	11	0.6388	NA	0	0.3628	NA	NA
k127_7170	484	No terminal repeats	2	11	0.6372	NA	0	1.1904	NA	NA
k127_433	230	No terminal repeats	1	11	0.6371	NA	0	1.0695	NA	NA
k127_527	1147	No terminal repeats	4	11	0.6362	NA	0	0.0000	NA	NA
k127_4140	300	No terminal repeats	1	11	0.6282	NA	0	0.7231	NA	NA
k127_826	858	No terminal repeats	4	11	0.6279	NA	0	0.0000	NA	NA
k127_2715	1267	No terminal repeats	4	11	0.6241	NA	0	0.0000	NA	NA
k127_8800	789	No terminal repeats	2	11	0.6232	NA	0	0.7252	NA	NA
k127_3633	771	No terminal repeats	2	11	0.6221	NA	0	0.4206	NA	NA
k127_4633	1494	No terminal repeats	1	11	0.6209	NA	0	0.9239	NA	NA
k127_3740	284	No terminal repeats	1	11	0.6200	NA	0	0.4589	NA	NA
k127_5764	626	No terminal repeats	2	11	0.6143	NA	0	1.0535	NA	NA
k127_6510	1261	No terminal repeats	2	11	0.6123	NA	0	0.3330	NA	NA
k127_2110	2068	No terminal repeats	4	11	0.6110	NA	0	0.0000	NA	NA
k127_1560	1032	No terminal repeats	3	11	0.6107	NA	0	1.3396	NA	NA
k127_5820	261	No terminal repeats	1	11	0.6073	NA	0	0.6467	NA	NA
k127_3190	581	No terminal repeats	2	11	0.6060	NA	0	0.4685	NA	NA
k127_634	1246	No terminal repeats	2	11	0.6046	NA	0	0.0000	NA	NA
k127_5903	1191	No terminal repeats	1	11	0.6042	NA	0	0.0000	NA	NA
k127_1559	384	No terminal repeats	1	11	0.5989	NA	0	0.7816	NA	NA
k127_1610	242	No terminal repeats	2	15	0.5976	NA	0	0.0000	NA	NA
k127_6081	783	No terminal repeats	2	11	0.5957	NA	0	0.3222	NA	NA
k127_4767	971	No terminal repeats	3	11	0.5957	NA	0	0.0000	NA	NA
k127_1816	1674	No terminal repeats	2	11	0.5929	NA	0	0.0000	NA	NA
k127_6220	452	No terminal repeats	1	11	0.5897	NA	0	0.8176	NA	NA
k127_5729	1422	No terminal repeats	2	11	0.5888	NA	0	0.7543	NA	NA
k127_8724	781	No terminal repeats	1	11	0.5882	NA	0	0.8360	NA	NA
k127_7618	741	No terminal repeats	1	11	0.5871	NA	0	0.8684	NA	NA
k127_2562	1019	No terminal repeats	1	11	0.5858	NA	0	0.4822	NA	NA
k127_6694	845	No terminal repeats	2	11	0.5857	NA	0	0.7661	NA	NA
k127_8588	1051	No terminal repeats	2	11	0.5854	NA	0	0.0000	NA	NA
k127_833	804	No terminal repeats	2	11	0.5845	NA	0	0.8684	NA	NA
k127_8103	1368	No terminal repeats	3	11	0.5834	NA	0	0.0000	NA	NA
k127_5885	1808	No terminal repeats	4	11	0.5824	NA	0	0.6721	NA	NA
k127_6247	675	No terminal repeats	1	11	0.5822	NA	0	1.1904	NA	NA
k127_6949	1011	No terminal repeats	2	11	0.5802	NA	0	0.0000	NA	NA
k127_4350	803	No terminal repeats	3	11	0.5759	NA	0	0.0000	NA	NA
k127_5996	573	No terminal repeats	2	11	0.5755	NA	0	0.8311	NA	NA
k127_8094	1018	No terminal repeats	1	11	0.5748	NA	0	0.0000	NA	NA
k127_5942	327	No terminal repeats	1	11	0.5745	NA	0	0.6926	NA	NA
k127_4564	396	No terminal repeats	2	11	0.5743	NA	0	0.8165	NA	NA
k127_6280	627	No terminal repeats	1	11	0.5724	NA	0	0.0000	NA	NA
k127_7045	606	No terminal repeats	1	11	0.5713	NA	0	0.0000	NA	NA
k127_5654	661	No terminal repeats	2	11	0.5712	NA	0	1.4349	NA	NA
k127_3773	1090	No terminal repeats	2	11	0.5709	NA	0	0.0000	NA	NA
k127_1101	288	No terminal repeats	1	11	0.5708	NA	0	0.0000	NA	NA
k127_1821	1416	No terminal repeats	1	11	0.5703	NA	0	0.0000	NA	NA
k127_7499	987	No terminal repeats	2	11	0.5689	NA	0	0.2479	NA	NA
k127_4264	1338	No terminal repeats	1	11	0.5682	NA	0	0.0000	NA	NA
k127_2390	934	No terminal repeats	2	11	0.5664	NA	0	0.0000	NA	NA
k127_2439	1301	No terminal repeats	2	11	0.5623	NA	0	0.0000	NA	NA
k127_7509	1272	No terminal repeats	3	11	0.5611	NA	0	1.3726	NA	NA
k127_1827	1631	No terminal repeats	2	11	0.5595	NA	0	0.6337	NA	NA
k127_8604	1098	No terminal repeats	2	11	0.5589	NA	0	0.0000	NA	NA
k127_8023	1616	No terminal repeats	3	11	0.5583	NA	0	0.0000	NA	NA
k127_8115	751	No terminal repeats	2	11	0.5583	NA	0	0.0000	NA	NA
k127_1690	1080	No terminal repeats	2	11	0.5581	NA	0	0.0000	NA	NA
k127_4997	1233	No terminal repeats	1	11	0.5576	NA	0	0.0000	NA	NA
k127_6044	302	No terminal repeats	1	11	0.5569	NA	0	0.7068	NA	NA
k127_8466	1810	No terminal repeats	3	11	0.5564	NA	0	0.0000	NA	NA
k127_8415	791	No terminal repeats	2	11	0.5564	NA	0	0.0000	NA	NA
k127_224	753	No terminal repeats	2	11	0.5535	NA	0	0.0000	NA	NA
k127_1588	266	No terminal repeats	2	15	0.5530	NA	0	0.0000	NA	NA
k127_2450	631	No terminal repeats	1	11	0.5503	NA	0	0.3739	NA	NA
k127_5822	351	No terminal repeats	1	11	0.5495	NA	0	0.6179	NA	NA
k127_6162	1013	No terminal repeats	3	11	0.5494	NA	0	1.0535	NA	NA
k127_7989	594	No terminal repeats	1	11	0.5492	NA	0	0.0000	NA	NA
k127_6753	521	No terminal repeats	1	11	0.5453	NA	0	0.7974	NA	NA
k127_3235	337	No terminal repeats	2	11	0.5422	NA	0	0.6926	NA	NA
k127_8280	1090	No terminal repeats	1	11	0.5410	NA	0	0.0000	NA	NA
k127_6563	1274	No terminal repeats	2	11	0.5405	NA	0	0.0000	NA	NA
k127_3374	425	No terminal repeats	1	11	0.5401	NA	0	0.6926	NA	NA
k127_8212	677	No terminal repeats	2	11	0.5400	NA	0	0.7727	NA	NA
k127_4866	678	No terminal repeats	2	11	0.5379	NA	0	0.3416	NA	NA
k127_5241	1111	No terminal repeats	2	11	0.5378	NA	0	0.7396	NA	NA
k127_6567	237	No terminal repeats	1	11	0.5368	NA	0	0.2489	NA	NA
k127_4528	709	No terminal repeats	2	11	0.5363	NA	0	0.0000	NA	NA
k127_6338	1148	No terminal repeats	2	11	0.5339	NA	0	0.0000	NA	NA
k127_3904	271	No terminal repeats	1	11	0.5331	NA	0	0.8185	NA	NA
k127_3437	1026	No terminal repeats	1	11	0.5314	NA	0	0.0000	NA	NA
k127_1397	302	No terminal repeats	1	15	0.5304	NA	0	0.0000	NA	NA
k127_8867	1034	No terminal repeats	2	11	0.5303	NA	0	0.0000	NA	NA
k127_988	807	No terminal repeats	1	11	0.5283	NA	0	0.0000	NA	NA
k127_4280	635	No terminal repeats	1	11	0.5277	NA	0	0.0000	NA	NA
k127_8731	1124	No terminal repeats	2	11	0.5266	NA	0	0.2064	NA	NA
k127_2824	1441	No terminal repeats	3	11	0.5264	NA	0	0.0000	NA	NA
k127_6027	756	No terminal repeats	2	11	0.5262	NA	0	0.0000	NA	NA
k127_1503	298	No terminal repeats	2	11	0.5241	NA	0	0.0000	NA	NA
k127_2115	823	No terminal repeats	3	11	0.5222	NA	0	0.3775	NA	NA
k127_3216	1056	No terminal repeats	2	11	0.5207	NA	0	0.2435	NA	NA
k127_7804	918	No terminal repeats	2	11	0.5195	NA	0	0.0000	NA	NA
k127_2660	298	No terminal repeats	1	11	0.5194	NA	0	0.6068	NA	NA
k127_4004	778	No terminal repeats	2	11	0.5191	NA	0	0.0000	NA	NA
k127_304	499	No terminal repeats	1	11	0.5189	NA	0	0.7957	NA	NA
k127_323	504	No terminal repeats	1	11	0.5186	NA	0	0.0000	NA	NA
k127_1418	292	No terminal repeats	0	11	0.5186	NA	0	0.0000	NA	NA
k127_2056	778	No terminal repeats	2	11	0.5180	NA	0	0.0000	NA	NA
k127_6127	364	No terminal repeats	1	11	0.5178	NA	0	0.2488	NA	NA
k127_3716	313	No terminal repeats	2	11	0.5177	NA	0	0.9516	NA	NA
k127_8561	879	No terminal repeats	2	11	0.5168	NA	0	0.0000	NA	NA
k127_346	485	No terminal repeats	2	11	0.5168	NA	0	0.3747	NA	NA
k127_3724	1687	No terminal repeats	2	11	0.5166	NA	0	0.0000	NA	NA
k127_1918	855	No terminal repeats	2	11	0.5166	NA	0	0.0000	NA	NA
k127_3964	678	No terminal repeats	1	11	0.5151	NA	0	0.0000	NA	NA
k127_2312	1077	No terminal repeats	4	11	0.5149	NA	0	0.0000	NA	NA
k127_8140	1175	No terminal repeats	2	11	0.5124	NA	0	0.0000	NA	NA
k127_4147	838	No terminal repeats	2	11	0.5112	NA	0	0.0000	NA	NA
k127_69	336	No terminal repeats	1	11	0.5096	NA	0	0.8176	NA	NA
k127_7665	793	No terminal repeats	2	11	0.5089	NA	0	0.0000	NA	NA
k127_5679	354	No terminal repeats	2	11	0.5081	NA	0	0.6125	NA	NA
k127_6648	746	No terminal repeats	2	11	0.5079	NA	0	0.0000	NA	NA
k127_7749	1436	No terminal repeats	1	11	0.5053	NA	0	0.7120	NA	NA
k127_72	708	No terminal repeats	3	11	0.5047	NA	0	0.0000	NA	NA
k127_7262	375	No terminal repeats	1	11	0.5040	NA	0	0.5910	NA	NA
k127_5888	941	No terminal repeats	2	11	0.5031	NA	0	0.0000	NA	NA
k127_1011	760	No terminal repeats	4	11	0.5029	NA	0	0.0000	NA	NA
k127_1260	301	No terminal repeats	1	11	0.4978	NA	0	0.0000	NA	NA
k127_5838	671	No terminal repeats	1	11	0.4977	NA	0	0.7114	NA	NA
k127_8165	1089	No terminal repeats	2	11	0.4976	NA	0	0.0000	NA	NA
k127_8842	636	No terminal repeats	2	11	0.4972	NA	0	0.0000	NA	NA
k127_6764	611	No terminal repeats	2	11	0.4965	NA	0	0.6748	NA	NA
k127_6829	972	No terminal repeats	1	11	0.4956	NA	0	1.3109	NA	NA
k127_1111	776	No terminal repeats	1	11	0.4945	NA	0	0.0000	NA	NA
k127_1677	245	No terminal repeats	1	15	0.4937	NA	0	0.0000	NA	NA
k127_4837	443	No terminal repeats	1	11	0.4933	NA	0	0.3300	NA	NA
k127_1766	1865	No terminal repeats	3	11	0.4931	NA	0	0.0000	NA	NA
k127_3775	887	No terminal repeats	1	11	0.4931	NA	0	0.7024	NA	NA
k127_1921	1050	No terminal repeats	2	11	0.4921	NA	0	0.4160	NA	NA
k127_3960	700	No terminal repeats	2	11	0.4908	NA	0	0.0000	NA	NA
k127_1968	1493	No terminal repeats	2	11	0.4905	NA	0	0.6531	NA	NA
k127_7110	1458	No terminal repeats	4	11	0.4902	NA	0	0.0000	NA	NA
k127_4307	1087	No terminal repeats	2	11	0.4901	NA	0	0.2391	NA	NA
k127_7877	1130	No terminal repeats	1	11	0.4883	NA	0	0.0000	NA	NA
k127_949	1592	No terminal repeats	2	11	0.4877	NA	0	0.3077	NA	NA
k127_7630	791	No terminal repeats	2	11	0.4875	NA	0	0.0000	NA	NA
k127_1356	293	No terminal repeats	2	11	0.4865	NA	0	0.0000	NA	NA
k127_842	758	No terminal repeats	1	11	0.4862	NA	0	0.0000	NA	NA
k127_3756	943	No terminal repeats	2	11	0.4854	NA	0	0.0000	NA	NA
k127_5397	929	No terminal repeats	2	11	0.4851	NA	0	0.0000	NA	NA
k127_8769	921	No terminal repeats	2	11	0.4843	NA	0	0.0000	NA	NA
k127_2338	1215	No terminal repeats	2	11	0.4843	NA	0	0.0000	NA	NA
k127_6777	751	No terminal repeats	2	11	0.4839	NA	0	0.0000	NA	NA
k127_6765	1969	No terminal repeats	3	11	0.4837	NA	0	0.0000	NA	NA
k127_3731	615	No terminal repeats	1	11	0.4830	NA	0	0.3779	NA	NA
k127_8718	992	No terminal repeats	1	11	0.4829	NA	0	0.0000	NA	NA
k127_7950	314	No terminal repeats	1	11	0.4828	NA	0	0.3298	NA	NA
k127_6364	998	No terminal repeats	2	11	0.4825	NA	0	0.0000	NA	NA
k127_5990	730	No terminal repeats	1	11	0.4823	NA	0	0.0000	NA	NA
k127_1208	836	No terminal repeats	3	11	0.4820	NA	0	0.0000	NA	NA
k127_7213	810	No terminal repeats	1	11	0.4816	NA	0	0.0000	NA	NA
k127_6051	667	No terminal repeats	2	11	0.4813	NA	0	0.0000	NA	NA
k127_4204	336	No terminal repeats	1	11	0.4810	NA	0	0.3988	NA	NA
k127_3422	307	No terminal repeats	2	11	0.4806	NA	0	0.6230	NA	NA
k127_7955	439	No terminal repeats	1	11	0.4803	NA	0	0.0000	NA	NA
k127_2283	1364	No terminal repeats	2	11	0.4793	NA	0	0.5771	NA	NA
k127_2008	780	No terminal repeats	2	11	0.4787	NA	0	0.8559	NA	NA
k127_5922	655	No terminal repeats	1	11	0.4778	NA	0	0.0000	NA	NA
k127_2663	1674	No terminal repeats	2	11	0.4776	NA	0	0.0000	NA	NA
k127_4968	750	No terminal repeats	2	11	0.4769	NA	0	0.0000	NA	NA
k127_1270	266	No terminal repeats	2	11	0.4768	NA	0	0.4466	NA	NA
k127_1052	908	No terminal repeats	2	11	0.4760	NA	0	0.7359	NA	NA
k127_6331	413	No terminal repeats	1	11	0.4750	NA	0	0.7634	NA	NA
k127_8930	570	No terminal repeats	1	11	0.4729	NA	0	0.0000	NA	NA
k127_4609	899	No terminal repeats	2	11	0.4727	NA	0	0.0000	NA	NA
k127_5597	2122	No terminal repeats	4	11	0.4721	NA	0	0.0000	NA	NA
k127_6932	515	No terminal repeats	2	11	0.4718	NA	0	0.0000	NA	NA
k127_5926	819	No terminal repeats	2	11	0.4718	NA	0	0.2606	NA	NA
k127_5448	934	No terminal repeats	2	11	0.4695	NA	0	0.0000	NA	NA
k127_5289	788	No terminal repeats	1	11	0.4693	NA	0	0.0000	NA	NA
k127_4341	1168	No terminal repeats	1	11	0.4672	NA	0	0.0000	NA	NA
k127_5439	522	No terminal repeats	1	11	0.4669	NA	0	0.0000	NA	NA
k127_3909	1261	No terminal repeats	1	11	0.4658	NA	0	0.0000	NA	NA
k127_1936	382	No terminal repeats	1	11	0.4658	NA	0	0.0000	NA	NA
k127_4381	782	No terminal repeats	2	11	0.4656	NA	0	0.0000	NA	NA
k127_4156	1374	No terminal repeats	3	11	0.4654	NA	0	0.0000	NA	NA
k127_6573	1326	No terminal repeats	2	11	0.4635	NA	0	0.0000	NA	NA
k127_1336	832	No terminal repeats	3	11	0.4633	NA	0	0.0000	NA	NA
k127_6048	1049	No terminal repeats	1	11	0.4631	NA	0	0.3482	NA	NF000025
k127_8875	746	No terminal repeats	1	11	0.4627	NA	0	0.0000	NA	NA
k127_3571	730	No terminal repeats	1	11	0.4625	NA	0	0.0000	NA	NA
k127_6	297	No terminal repeats	1	11	0.4617	NA	0	0.0000	NA	NA
k127_5580	813	No terminal repeats	2	11	0.4609	NA	0	0.0000	NA	NA
k127_7935	588	No terminal repeats	2	11	0.4607	NA	0	0.1959	NA	NA
k127_2559	611	No terminal repeats	1	11	0.4590	NA	0	0.0000	NA	NA
k127_5813	472	No terminal repeats	1	11	0.4590	NA	0	0.0000	NA	NA
k127_2434	415	No terminal repeats	1	11	0.4587	NA	0	0.0000	NA	NA
k127_2897	850	No terminal repeats	2	11	0.4578	NA	0	0.0000	NA	NA
k127_1051	967	No terminal repeats	2	11	0.4577	NA	0	0.0000	NA	NA
k127_3513	778	No terminal repeats	1	11	0.4576	NA	0	0.0000	NA	NA
k127_7825	1133	No terminal repeats	2	11	0.4574	NA	0	0.0000	NA	NA
k127_8787	923	No terminal repeats	1	11	0.4566	NA	0	0.0000	NA	NA
k127_3357	478	No terminal repeats	1	11	0.4560	NA	0	0.0000	NA	NA
k127_2544	721	No terminal repeats	2	11	0.4559	NA	0	0.0000	NA	NA
k127_451	576	No terminal repeats	2	11	0.4556	NA	0	0.0000	NA	NA
k127_2463	1161	No terminal repeats	2	11	0.4528	NA	0	0.0000	NA	NA
k127_7725	713	No terminal repeats	2	11	0.4508	NA	0	0.0000	NA	NA
k127_7033	708	No terminal repeats	1	11	0.4498	NA	0	0.0000	NA	NA
k127_5331	864	No terminal repeats	1	11	0.4487	NA	0	0.0000	NA	NA
k127_3085	762	No terminal repeats	1	11	0.4471	NA	0	0.0000	NA	NA
k127_4337	788	No terminal repeats	2	11	0.4465	NA	0	0.0000	NA	NA
k127_7478	619	No terminal repeats	1	11	0.4462	NA	0	0.0000	NA	NA
k127_6693	482	No terminal repeats	2	11	0.4455	NA	0	0.0000	NA	NA
k127_135	1088	No terminal repeats	1	11	0.4447	NA	0	0.0000	NA	NA
k127_3645	592	No terminal repeats	2	11	0.4443	NA	0	0.0000	NA	NA
k127_8026	1411	No terminal repeats	2	11	0.4437	NA	0	0.0000	NA	NA
k127_260	924	No terminal repeats	3	11	0.4430	NA	0	0.0000	NA	NA
k127_368	477	No terminal repeats	2	11	0.4428	NA	0	0.0000	NA	NA
k127_7249	905	No terminal repeats	1	11	0.4427	NA	0	0.0000	NA	NA
k127_4749	734	No terminal repeats	2	11	0.4423	NA	0	0.7484	NA	NA
k127_1847	446	No terminal repeats	2	11	0.4406	NA	0	0.0000	NA	NA
k127_1550	298	No terminal repeats	1	11	0.4405	NA	0	0.0000	NA	NA
k127_5256	1169	No terminal repeats	3	11	0.4404	NA	0	0.0000	NA	NA
k127_5957	488	No terminal repeats	1	11	0.4392	NA	0	0.0000	NA	NA
k127_8699	820	No terminal repeats	2	11	0.4382	NA	0	0.0000	NA	NA
k127_4653	992	No terminal repeats	1	11	0.4367	NA	0	0.0000	NA	NA
k127_6419	816	No terminal repeats	2	11	0.4363	NA	0	0.0000	NA	NA
k127_6725	1187	No terminal repeats	2	11	0.4359	NA	0	0.0000	NA	NA
k127_6009	700	No terminal repeats	3	11	0.4356	NA	0	0.0000	NA	NA
k127_5871	1019	No terminal repeats	2	11	0.4353	NA	0	0.0000	NA	NA
k127_8365	560	No terminal repeats	2	11	0.4348	NA	0	0.0000	NA	NA
k127_6022	564	No terminal repeats	2	11	0.4345	NA	0	0.0000	NA	NA
k127_8285	520	No terminal repeats	1	11	0.4343	NA	0	0.0000	NA	NA
k127_3842	969	No terminal repeats	1	11	0.4341	NA	0	0.0000	NA	NA
k127_7941	626	No terminal repeats	1	11	0.4340	NA	0	0.0000	NA	NA
k127_859	894	No terminal repeats	2	11	0.4332	NA	0	0.0000	NA	NA
k127_8493	758	No terminal repeats	2	11	0.4331	NA	0	0.0000	NA	NA
k127_1363	1252	No terminal repeats	2	11	0.4330	NA	0	0.0000	NA	NA
k127_6066	1209	No terminal repeats	2	11	0.4323	NA	0	0.0000	NA	NA
k127_7597	761	No terminal repeats	1	11	0.4321	NA	0	0.0000	NA	NA
k127_6670	684	No terminal repeats	2	11	0.4308	NA	0	0.7428	NA	NA
k127_4949	485	No terminal repeats	1	11	0.4293	NA	0	0.0000	NA	NA
k127_810	227	No terminal repeats	1	11	0.4285	NA	0	0.0000	NA	NA
k127_526	742	No terminal repeats	2	11	0.4278	NA	0	0.0000	NA	NA
k127_4522	383	No terminal repeats	2	11	0.4278	NA	0	0.5004	NA	NA
k127_8725	349	No terminal repeats	1	11	0.4268	NA	0	0.0000	NA	NA
k127_7595	605	No terminal repeats	2	11	0.4267	NA	0	0.0000	NA	NA
k127_7523	821	No terminal repeats	1	11	0.4234	NA	0	0.0000	NA	NA
k127_3464	598	No terminal repeats	1	11	0.4233	NA	0	0.0000	NA	NA
k127_2526	397	No terminal repeats	1	11	0.4228	NA	0	0.0000	NA	NA
k127_636	307	No terminal repeats	1	15	0.4224	NA	0	0.0000	NA	NA
k127_8302	1094	No terminal repeats	2	11	0.4220	NA	0	0.0000	NA	NA
k127_5927	428	No terminal repeats	2	11	0.4220	NA	0	0.0000	NA	NA
k127_7867	1085	No terminal repeats	1	11	0.4209	NA	0	0.0000	NA	NA
k127_1792	488	No terminal repeats	1	11	0.4202	NA	0	0.0000	NA	NA
k127_1024	650	No terminal repeats	1	11	0.4201	NA	0	0.0000	NA	NA
k127_8841	1186	No terminal repeats	1	11	0.4200	NA	0	0.0000	NA	NA
k127_3821	779	No terminal repeats	3	11	0.4194	NA	0	0.0000	NA	NA
k127_6537	665	No terminal repeats	1	11	0.4190	NA	0	0.0000	NA	NA
k127_159	420	No terminal repeats	2	11	0.4186	NA	0	0.0000	NA	NA
k127_3640	534	No terminal repeats	2	11	0.4185	NA	0	0.0000	NA	NA
k127_3993	984	No terminal repeats	1	11	0.4178	NA	0	0.0000	NA	NA
k127_8074	982	No terminal repeats	1	11	0.4177	NA	0	0.0000	NA	NA
k127_2764	730	No terminal repeats	1	11	0.4175	NA	0	0.0000	NA	NA
k127_4874	571	No terminal repeats	2	11	0.4173	NA	0	0.0000	NA	NA
k127_4758	494	No terminal repeats	1	11	0.4173	NA	0	0.0000	NA	NA
k127_3099	299	No terminal repeats	1	11	0.4170	NA	0	0.5597	NA	NA
k127_7299	628	No terminal repeats	1	11	0.4157	NA	0	0.0000	NA	NA
k127_8174	714	No terminal repeats	2	11	0.4146	NA	0	0.0000	NA	NA
k127_2680	578	No terminal repeats	1	11	0.4133	NA	0	0.0000	NA	NA
k127_7799	491	No terminal repeats	1	11	0.4128	NA	0	0.0000	NA	NA
k127_847	1227	No terminal repeats	2	11	0.4125	NA	0	0.0000	NA	NA
k127_6789	1173	No terminal repeats	3	11	0.4119	NA	0	0.0000	NA	NA
k127_7917	687	No terminal repeats	1	11	0.4119	NA	0	0.0000	NA	NA
k127_760	517	No terminal repeats	1	11	0.4114	NA	0	0.0000	NA	NA
k127_2468	874	No terminal repeats	2	11	0.4111	NA	0	0.0000	NA	NA
k127_11	276	No terminal repeats	1	11	0.4106	NA	0	0.0000	NA	NA
k127_4785	266	No terminal repeats	2	11	0.4104	NA	0	0.0000	NA	NA
k127_7817	705	No terminal repeats	2	11	0.4099	NA	0	0.0000	NA	NA
k127_8541	979	No terminal repeats	1	11	0.4098	NA	0	0.0000	NA	NA
k127_2247	417	No terminal repeats	2	11	0.4085	NA	0	0.0000	NA	NA
k127_504	1242	No terminal repeats	2	11	0.4085	NA	0	0.0000	NA	NA
k127_752	534	No terminal repeats	1	11	0.4084	NA	0	0.0000	NA	NA
k127_8001	1484	No terminal repeats	2	11	0.4076	NA	0	0.0000	NA	NA
k127_4960	705	No terminal repeats	2	11	0.4071	NA	0	0.0000	NA	NA
k127_1211	388	No terminal repeats	1	11	0.4061	NA	0	0.0000	NA	NA
k127_4953	661	No terminal repeats	1	11	0.4061	NA	0	0.0000	NA	NA
k127_6812	417	No terminal repeats	1	11	0.4053	NA	0	0.0000	NA	NA
k127_4754	523	No terminal repeats	1	11	0.4044	NA	0	0.0000	NA	NA
k127_7080	702	No terminal repeats	1	11	0.4041	NA	0	0.0000	NA	NA
k127_2309	593	No terminal repeats	1	11	0.4040	NA	0	0.0000	NA	NA
k127_4601	1027	No terminal repeats	2	11	0.4037	NA	0	0.0000	NA	NA
k127_5301	1150	No terminal repeats	2	11	0.4031	NA	0	0.0000	NA	NA
k127_1850	568	No terminal repeats	1	11	0.4026	NA	0	0.0000	NA	NA
k127_1045	297	No terminal repeats	1	11	0.4013	NA	0	0.0000	NA	NA
k127_5633	508	No terminal repeats	2	11	0.4007	NA	0	0.0000	NA	NA
k127_4541	681	No terminal repeats	2	11	0.3997	NA	0	0.0000	NA	NA
k127_5172	1330	No terminal repeats	2	11	0.3986	NA	0	0.0000	NA	NA
k127_8927	831	No terminal repeats	2	11	0.3983	NA	0	0.0000	NA	NA
k127_6384	449	No terminal repeats	2	11	0.3980	NA	0	0.0000	NA	NA
k127_2991	393	No terminal repeats	1	11	0.3980	NA	0	0.0000	NA	NA
k127_295	300	No terminal repeats	2	11	0.3972	NA	0	0.0000	NA	NA
k127_3313	644	No terminal repeats	1	11	0.3963	NA	0	0.0000	NA	NA
k127_7296	650	No terminal repeats	1	11	0.3936	NA	0	0.0000	NA	NA
k127_6961	559	No terminal repeats	2	11	0.3936	NA	0	0.0000	NA	NA
k127_122	802	No terminal repeats	1	11	0.3928	NA	0	0.0000	NA	NA
k127_7886	426	No terminal repeats	1	11	0.3926	NA	0	0.0000	NA	NA
k127_6108	543	No terminal repeats	1	11	0.3924	NA	0	0.0000	NA	NA
k127_3817	565	No terminal repeats	1	11	0.3920	NA	0	0.0000	NA	NA
k127_8360	606	No terminal repeats	1	11	0.3910	NA	0	0.0000	NA	NA
k127_2546	294	No terminal repeats	1	11	0.3907	NA	0	0.0000	NA	NA
k127_3537	737	No terminal repeats	2	11	0.3905	NA	0	0.0000	NA	NA
k127_4333	472	No terminal repeats	1	11	0.3899	NA	0	0.0000	NA	NA
k127_2421	312	No terminal repeats	1	11	0.3897	NA	0	0.0000	NA	NA
k127_5941	667	No terminal repeats	1	11	0.3897	NA	0	0.0000	NA	NA
k127_4875	405	No terminal repeats	2	11	0.3895	NA	0	0.0000	NA	NA
k127_7978	984	No terminal repeats	3	11	0.3894	NA	0	0.0000	NA	NA
k127_4561	464	No terminal repeats	1	11	0.3891	NA	0	0.0000	NA	NA
k127_645	292	No terminal repeats	1	11	0.3888	NA	0	0.0000	NA	NA
k127_33	400	No terminal repeats	2	11	0.3886	NA	0	0.0000	NA	NA
k127_3092	850	No terminal repeats	1	11	0.3886	NA	0	0.0000	NA	NA
k127_5496	654	No terminal repeats	1	11	0.3885	NA	0	0.0000	NA	NA
k127_4963	496	No terminal repeats	2	11	0.3868	NA	0	0.0000	NA	NA
k127_5377	768	No terminal repeats	1	11	0.3863	NA	0	0.0000	NA	NA
k127_5009	904	No terminal repeats	1	11	0.3860	NA	0	0.0000	NA	NA
k127_3865	1014	No terminal repeats	1	11	0.3858	NA	0	0.0000	NA	NA
k127_6365	655	No terminal repeats	2	11	0.3853	NA	0	0.0000	NA	NA
k127_4531	966	No terminal repeats	1	11	0.3852	NA	0	0.0000	NA	NA
k127_423	459	No terminal repeats	1	11	0.3849	NA	0	0.0000	NA	NA
k127_8871	757	No terminal repeats	1	11	0.3843	NA	0	0.0000	NA	NA
k127_4860	789	No terminal repeats	3	11	0.3835	NA	0	0.0000	NA	NA
k127_4278	679	No terminal repeats	3	11	0.3819	NA	0	0.0000	NA	NA
k127_7755	501	No terminal repeats	1	11	0.3818	NA	0	0.0000	NA	NA
k127_8902	494	No terminal repeats	1	11	0.3817	NA	0	0.0000	NA	NA
k127_6877	605	No terminal repeats	2	11	0.3812	NA	0	0.0000	NA	NA
k127_3561	936	No terminal repeats	2	11	0.3808	NA	0	0.0000	NA	NA
k127_7191	394	No terminal repeats	1	11	0.3791	NA	0	0.0000	NA	NA
k127_2181	579	No terminal repeats	2	11	0.3790	NA	0	0.0000	NA	NA
k127_8959	441	DTR	2	11	0.3784	NA	0	0.0000	NA	NA
k127_1606	571	No terminal repeats	1	11	0.3773	NA	0	0.0000	NA	NA
k127_4760	458	No terminal repeats	1	11	0.3765	NA	0	0.0000	NA	NA
k127_5818	603	No terminal repeats	1	11	0.3752	NA	0	0.0000	NA	NA
k127_901	579	No terminal repeats	2	11	0.3748	NA	0	0.0000	NA	NA
k127_2628	303	No terminal repeats	1	11	0.3744	NA	0	0.0000	NA	NA
k127_6084	746	No terminal repeats	1	11	0.3741	NA	0	0.0000	NA	NA
k127_4625	324	No terminal repeats	1	11	0.3738	NA	0	0.0000	NA	NA
k127_6524	345	No terminal repeats	1	11	0.3727	NA	0	0.0000	NA	NA
k127_2063	721	No terminal repeats	1	11	0.3713	NA	0	0.0000	NA	NA
k127_68	518	No terminal repeats	1	11	0.3713	NA	0	0.0000	NA	NA
k127_6650	443	No terminal repeats	1	11	0.3707	NA	0	0.0000	NA	NA
k127_5174	757	No terminal repeats	1	11	0.3704	NA	0	0.0000	NA	NA
k127_2696	642	No terminal repeats	1	11	0.3691	NA	0	0.0000	NA	NA
k127_1207	671	No terminal repeats	2	11	0.3690	NA	0	0.0000	NA	NA
k127_3111	405	No terminal repeats	2	11	0.3689	NA	0	0.0000	NA	NA
k127_920	688	No terminal repeats	2	11	0.3687	NA	0	0.0000	NA	NA
k127_1639	335	No terminal repeats	1	11	0.3679	NA	0	0.0000	NA	NA
k127_4160	269	No terminal repeats	2	11	0.3677	NA	0	0.0000	NA	NA
k127_293	562	No terminal repeats	2	11	0.3675	NA	0	0.0000	NA	NA
k127_8937	794	No terminal repeats	2	11	0.3637	NA	0	0.0000	NA	NA
k127_6115	659	No terminal repeats	1	11	0.3637	NA	0	0.0000	NA	NA
k127_200	739	No terminal repeats	1	11	0.3636	NA	0	0.0000	NA	NA
k127_2850	611	No terminal repeats	2	11	0.3632	NA	0	0.0000	NA	NA
k127_2552	266	No terminal repeats	1	11	0.3616	NA	0	0.0000	NA	NA
k127_2170	327	No terminal repeats	2	11	0.3615	NA	0	0.0000	NA	NA
k127_4109	447	No terminal repeats	1	11	0.3603	NA	0	0.0000	NA	NA
k127_5287	628	No terminal repeats	1	11	0.3584	NA	0	0.0000	NA	NA
k127_2151	288	No terminal repeats	1	11	0.3580	NA	0	0.0000	NA	NA
k127_4269	379	No terminal repeats	1	11	0.3576	NA	0	0.0000	NA	NA
k127_6212	519	No terminal repeats	1	11	0.3544	NA	0	0.0000	NA	NA
k127_7069	785	No terminal repeats	1	11	0.3539	NA	0	0.0000	NA	NA
k127_7554	505	No terminal repeats	2	11	0.3518	NA	0	0.0000	NA	NA
k127_7287	467	No terminal repeats	1	11	0.3518	NA	0	0.0000	NA	NA
k127_7517	493	No terminal repeats	1	11	0.3503	NA	0	0.0000	NA	NA
k127_6397	554	No terminal repeats	1	11	0.3494	NA	0	0.0000	NA	NA
k127_3414	447	No terminal repeats	2	11	0.3452	NA	0	0.0000	NA	NA
k127_2333	970	No terminal repeats	1	11	0.3448	NA	0	0.0000	NA	NA
k127_690	678	No terminal repeats	2	11	0.3429	NA	0	0.0000	NA	NA
k127_8079	327	No terminal repeats	1	11	0.3425	NA	0	0.0000	NA	NA
k127_6141	504	No terminal repeats	1	11	0.3422	NA	0	0.0000	NA	NA
k127_4423	391	No terminal repeats	1	11	0.3386	NA	0	0.0000	NA	NA
k127_8917	473	No terminal repeats	1	11	0.3383	NA	0	0.0000	NA	NA
k127_1247	433	No terminal repeats	1	11	0.3380	NA	0	0.0000	NA	NA
